"AIC","BIC","logLik"
18246.7001106393,18269.4522293712,-9120.35005531964
